{"cameraMode":{"drawMode":0,"name":"Shaded","section":"Shading Mode"},"sceneLighting":true,"audioPlay":false,"sceneViewState":{"showFog":true,"showMaterialUpdate":false,"showSkybox":true,"showFlares":true,"showImageEffects":true,"showParticleSystems":true},"in2DMode":false,"pivot":{"x":0.494140625,"y":-0.19696044921875,"z":-2.51171875},"rotation":{"x":-0.013499348424375058,"y":0.006295823957771063,"z":0.0000849878488224931,"w":0.999889075756073},"size":15.272671699523926,"orthographic":true}